timestamp,grupo,dispositivo,cpu,temperatura,ram,disco,latencia,banda
2025-06-11 13:54:17,PC,pc01,76.47,51.6,40.84,90.77,33.2,63.54
2025-06-11 13:54:17,PC,pc02,28.3,48.0,68.86,41.17,25.09,54.71
2025-06-11 13:54:17,PC,pc03,61.91,31.4,29.24,75.66,44.27,99.45
2025-06-11 13:54:17,Servidor,srv01,53.94,58.3,71.08,75.33,93.06,45.96
2025-06-11 13:54:17,Servidor,srv02,20.16,87.5,10.2,67.94,70.76,95.87
2025-06-11 13:54:17,Roteador,rtr01,93.6,87.6,80.34,93.02,64.07,36.65
2025-06-11 13:54:17,Roteador,rtr02,62.8,36.5,55.65,44.77,42.33,98.76
2025-06-11 13:53:17,PC,pc01,90.92,69.1,86.32,33.3,77.11,89.59
2025-06-11 13:53:17,PC,pc02,50.57,33.8,69.97,62.99,28.23,35.29
2025-06-11 13:53:17,PC,pc03,73.47,31.9,18.73,76.56,76.91,78.75
2025-06-11 13:53:17,Servidor,srv01,28.78,33.9,17.62,70.81,11.57,45.39
2025-06-11 13:53:17,Servidor,srv02,74.54,69.9,57.59,44.51,56.74,34.98
2025-06-11 13:53:17,Roteador,rtr01,52.54,88.3,44.6,45.45,22.13,77.47
2025-06-11 13:53:17,Roteador,rtr02,56.41,69.0,52.85,57.71,60.05,81.97
2025-06-11 13:52:17,PC,pc01,42.91,55.0,87.82,27.62,61.64,85.24
2025-06-11 13:52:17,PC,pc02,16.95,38.7,77.64,56.84,99.56,88.46
2025-06-11 13:52:17,PC,pc03,21.45,33.5,68.51,56.0,42.88,75.34
2025-06-11 13:52:17,Servidor,srv01,18.64,48.3,55.55,36.62,82.95,80.45
2025-06-11 13:52:17,Servidor,srv02,41.41,80.4,80.08,95.44,89.45,81.69
2025-06-11 13:52:17,Roteador,rtr01,14.94,67.5,47.12,49.16,79.12,5.97
2025-06-11 13:52:17,Roteador,rtr02,20.04,75.5,35.54,75.63,87.13,39.49
2025-06-11 13:51:17,PC,pc01,29.91,48.5,85.14,79.18,95.38,85.27
2025-06-11 13:51:17,PC,pc02,83.87,63.6,88.07,54.77,98.84,19.22
2025-06-11 13:51:17,PC,pc03,9.87,77.4,13.86,56.79,79.43,81.99
2025-06-11 13:51:17,Servidor,srv01,91.87,52.0,75.47,97.01,30.5,51.67
2025-06-11 13:51:17,Servidor,srv02,32.44,69.9,30.44,24.51,15.43,46.18
2025-06-11 13:51:17,Roteador,rtr01,67.36,35.5,33.4,24.64,43.16,89.42
2025-06-11 13:51:17,Roteador,rtr02,32.57,75.8,36.14,79.92,63.05,22.87
2025-06-11 13:50:17,PC,pc01,42.36,64.7,18.59,28.36,45.6,93.88
2025-06-11 13:50:17,PC,pc02,46.39,41.2,85.16,95.77,93.1,87.44
2025-06-11 13:50:17,PC,pc03,37.98,46.8,45.05,51.16,94.38,99.41
2025-06-11 13:50:17,Servidor,srv01,49.84,42.6,70.09,94.55,99.7,5.22
2025-06-11 13:50:17,Servidor,srv02,56.43,44.0,75.68,38.56,59.26,32.73
2025-06-11 13:50:17,Roteador,rtr01,26.31,71.5,39.36,40.24,78.63,40.89
2025-06-11 13:50:17,Roteador,rtr02,12.23,73.5,73.23,92.55,36.42,57.21
2025-06-11 13:49:17,PC,pc01,82.22,46.7,54.3,79.5,30.87,93.74
2025-06-11 13:49:17,PC,pc02,84.56,73.0,21.29,55.23,2.51,71.15
2025-06-11 13:49:17,PC,pc03,30.33,64.4,76.1,45.0,77.02,54.15
2025-06-11 13:49:17,Servidor,srv01,89.46,41.4,63.23,91.37,76.27,10.75
2025-06-11 13:49:17,Servidor,srv02,32.32,41.5,14.38,42.92,48.59,8.8
2025-06-11 13:49:17,Roteador,rtr01,46.66,81.5,15.55,80.89,59.32,28.2
2025-06-11 13:49:17,Roteador,rtr02,21.58,74.0,34.13,24.32,69.27,73.44
2025-06-11 13:48:17,PC,pc01,39.08,65.4,43.41,94.94,4.96,33.3
2025-06-11 13:48:17,PC,pc02,50.97,64.5,67.26,20.03,64.41,78.08
2025-06-11 13:48:17,PC,pc03,75.07,47.1,49.19,74.15,48.16,56.71
2025-06-11 13:48:17,Servidor,srv01,13.4,40.2,22.66,86.85,94.06,82.35
2025-06-11 13:48:17,Servidor,srv02,88.19,44.9,37.98,71.04,90.96,55.61
2025-06-11 13:48:17,Roteador,rtr01,53.58,38.6,90.54,40.74,79.6,16.01
2025-06-11 13:48:17,Roteador,rtr02,21.48,62.3,84.01,20.91,78.5,84.18
2025-06-11 13:47:17,PC,pc01,76.39,30.7,32.52,72.96,97.57,27.03
2025-06-11 13:47:17,PC,pc02,50.28,32.0,31.93,26.95,76.31,46.3
2025-06-11 13:47:17,PC,pc03,46.35,69.1,11.39,60.98,96.22,57.05
2025-06-11 13:47:17,Servidor,srv01,61.51,41.1,52.75,97.7,93.27,9.37
2025-06-11 13:47:17,Servidor,srv02,94.81,87.7,74.66,38.97,86.72,73.44
2025-06-11 13:47:17,Roteador,rtr01,54.15,71.3,77.33,52.28,21.32,69.68
2025-06-11 13:47:17,Roteador,rtr02,83.44,83.6,83.5,55.89,34.63,96.05
2025-06-11 13:46:17,PC,pc01,14.28,63.5,25.01,73.02,29.3,74.13
2025-06-11 13:46:17,PC,pc02,67.47,49.7,34.62,69.18,22.08,76.83
2025-06-11 13:46:17,PC,pc03,53.06,57.6,94.64,34.05,28.95,49.26
2025-06-11 13:46:17,Servidor,srv01,38.13,46.1,65.71,51.46,14.7,21.37
2025-06-11 13:46:17,Servidor,srv02,27.49,68.0,32.8,26.46,94.57,22.85
2025-06-11 13:46:17,Roteador,rtr01,85.21,35.0,55.28,64.05,11.03,35.75
2025-06-11 13:46:17,Roteador,rtr02,54.94,48.2,65.32,95.25,9.95,33.01
2025-06-11 13:45:17,PC,pc01,43.79,86.4,56.51,64.63,4.41,27.41
2025-06-11 13:45:17,PC,pc02,8.84,64.1,49.93,92.47,4.98,37.29
2025-06-11 13:45:17,PC,pc03,88.79,76.7,90.21,28.71,9.85,87.1
2025-06-11 13:45:17,Servidor,srv01,34.77,47.0,90.28,96.1,97.44,52.73
2025-06-11 13:45:17,Servidor,srv02,31.48,78.9,93.36,52.32,14.72,23.46
2025-06-11 13:45:17,Roteador,rtr01,10.53,62.8,37.96,74.71,33.73,87.39
2025-06-11 13:45:17,Roteador,rtr02,72.01,62.4,79.85,42.9,71.63,9.53
2025-06-11 13:44:17,PC,pc01,22.19,52.9,59.57,25.38,71.08,99.05
2025-06-11 13:44:17,PC,pc02,87.21,88.7,42.18,75.9,96.44,10.5
2025-06-11 13:44:17,PC,pc03,19.88,46.6,60.38,82.44,33.27,50.58
2025-06-11 13:44:17,Servidor,srv01,47.29,51.9,75.13,74.97,72.07,54.43
2025-06-11 13:44:17,Servidor,srv02,33.21,68.3,13.48,77.4,31.26,13.52
2025-06-11 13:44:17,Roteador,rtr01,54.69,53.6,90.43,41.73,50.72,86.8
2025-06-11 13:44:17,Roteador,rtr02,31.22,53.4,37.43,69.6,64.43,6.42
2025-06-11 13:43:17,PC,pc01,57.01,32.2,10.1,87.12,69.56,97.08
2025-06-11 13:43:17,PC,pc02,52.29,51.2,15.65,41.39,53.81,75.72
2025-06-11 13:43:17,PC,pc03,53.46,30.8,84.21,49.84,10.36,79.34
2025-06-11 13:43:17,Servidor,srv01,52.25,64.3,29.27,54.49,7.04,46.73
2025-06-11 13:43:17,Servidor,srv02,88.0,80.6,39.75,51.34,43.63,91.61
2025-06-11 13:43:17,Roteador,rtr01,18.84,72.7,90.74,31.97,9.06,28.24
2025-06-11 13:43:17,Roteador,rtr02,80.15,74.1,77.04,50.58,74.94,98.03
2025-06-11 13:42:17,PC,pc01,45.82,52.5,81.16,80.54,23.64,21.65
2025-06-11 13:42:17,PC,pc02,53.79,36.2,83.72,48.77,61.81,69.26
2025-06-11 13:42:17,PC,pc03,85.35,53.6,59.14,29.18,19.5,94.44
2025-06-11 13:42:17,Servidor,srv01,79.24,32.8,84.28,25.23,72.96,99.5
2025-06-11 13:42:17,Servidor,srv02,30.6,50.9,35.85,25.24,47.24,95.9
2025-06-11 13:42:17,Roteador,rtr01,30.6,40.9,26.84,64.93,51.22,28.06
2025-06-11 13:42:17,Roteador,rtr02,50.91,49.9,85.34,62.11,24.11,20.96
2025-06-11 13:41:17,PC,pc01,85.68,65.8,72.42,90.45,99.04,51.73
2025-06-11 13:41:17,PC,pc02,55.01,61.9,35.33,69.22,68.1,96.91
2025-06-11 13:41:17,PC,pc03,32.81,35.5,35.08,94.07,37.29,10.33
2025-06-11 13:41:17,Servidor,srv01,18.34,55.6,71.68,44.26,73.48,29.66
2025-06-11 13:41:17,Servidor,srv02,63.81,67.1,42.07,28.41,38.08,8.06
2025-06-11 13:41:17,Roteador,rtr01,32.32,66.0,27.8,23.2,64.34,48.72
2025-06-11 13:41:17,Roteador,rtr02,88.28,33.7,94.53,84.14,85.75,45.57
2025-06-11 13:40:17,PC,pc01,36.74,87.0,66.05,27.43,64.47,58.58
2025-06-11 13:40:17,PC,pc02,40.63,82.6,51.49,53.73,72.65,14.16
2025-06-11 13:40:17,PC,pc03,76.71,47.2,33.23,39.49,39.23,79.53
2025-06-11 13:40:17,Servidor,srv01,19.7,77.5,33.07,90.67,37.46,45.33
2025-06-11 13:40:17,Servidor,srv02,90.22,37.0,36.54,42.74,57.16,52.44
2025-06-11 13:40:17,Roteador,rtr01,35.81,54.3,21.97,70.33,8.33,23.42
2025-06-11 13:40:17,Roteador,rtr02,57.38,79.1,84.08,27.03,30.95,18.15
2025-06-11 13:39:17,PC,pc01,90.61,67.1,90.77,97.76,57.87,81.97
2025-06-11 13:39:17,PC,pc02,73.66,77.8,30.52,79.26,97.48,70.11
2025-06-11 13:39:17,PC,pc03,11.75,54.9,47.4,43.85,93.59,18.73
2025-06-11 13:39:17,Servidor,srv01,42.84,63.2,16.41,67.17,49.94,86.78
2025-06-11 13:39:17,Servidor,srv02,27.34,41.9,87.07,69.95,62.24,45.57
2025-06-11 13:39:17,Roteador,rtr01,40.2,84.8,81.35,23.73,33.03,88.83
2025-06-11 13:39:17,Roteador,rtr02,77.59,60.0,43.31,72.63,12.68,20.1
2025-06-11 13:38:17,PC,pc01,75.79,41.8,27.83,46.04,63.74,27.03
2025-06-11 13:38:17,PC,pc02,48.69,45.1,34.35,37.22,40.0,96.06
2025-06-11 13:38:17,PC,pc03,91.5,46.7,82.1,87.9,19.11,62.24
2025-06-11 13:38:17,Servidor,srv01,17.87,49.8,11.03,22.46,40.96,59.8
2025-06-11 13:38:17,Servidor,srv02,6.18,73.9,86.57,73.2,72.03,42.3
2025-06-11 13:38:17,Roteador,rtr01,45.63,61.5,79.31,89.91,35.8,27.51
2025-06-11 13:38:17,Roteador,rtr02,32.08,87.4,47.59,97.84,89.2,29.58
2025-06-11 13:37:17,PC,pc01,50.8,37.0,85.59,67.47,46.64,89.93
2025-06-11 13:37:17,PC,pc02,42.34,78.7,11.98,50.89,65.75,26.33
2025-06-11 13:37:17,PC,pc03,50.64,52.7,78.93,49.91,56.76,27.76
2025-06-11 13:37:17,Servidor,srv01,33.77,40.9,14.6,39.18,93.63,35.69
2025-06-11 13:37:17,Servidor,srv02,24.51,46.5,23.79,29.58,80.62,96.64
2025-06-11 13:37:17,Roteador,rtr01,84.39,38.2,84.16,60.57,35.99,51.01
2025-06-11 13:37:17,Roteador,rtr02,15.66,32.5,23.12,22.25,14.58,14.46
2025-06-11 13:36:17,PC,pc01,77.06,72.2,68.9,37.36,1.94,87.29
2025-06-11 13:36:17,PC,pc02,61.75,59.9,46.67,85.9,70.45,94.44
2025-06-11 13:36:17,PC,pc03,93.89,62.0,39.22,71.8,46.44,89.65
2025-06-11 13:36:17,Servidor,srv01,36.47,31.4,65.92,22.17,80.26,11.85
2025-06-11 13:36:17,Servidor,srv02,85.1,48.9,14.18,27.52,60.7,39.78
2025-06-11 13:36:17,Roteador,rtr01,62.98,62.7,22.11,66.08,69.14,9.36
2025-06-11 13:36:17,Roteador,rtr02,21.46,31.8,56.36,51.31,31.21,70.63
2025-06-11 13:35:17,PC,pc01,45.0,75.9,69.59,43.91,54.94,38.4
2025-06-11 13:35:17,PC,pc02,33.98,43.9,91.47,62.13,62.53,57.64
2025-06-11 13:35:17,PC,pc03,81.42,88.3,43.31,90.27,53.57,64.29
2025-06-11 13:35:17,Servidor,srv01,41.97,72.8,34.82,65.27,94.94,12.12
2025-06-11 13:35:17,Servidor,srv02,73.04,58.1,75.8,41.63,93.78,73.46
2025-06-11 13:35:17,Roteador,rtr01,76.38,33.3,33.39,35.6,47.23,91.59
2025-06-11 13:35:17,Roteador,rtr02,45.64,82.7,94.41,58.78,56.05,88.71
2025-06-11 13:34:17,PC,pc01,94.71,54.3,52.33,58.18,54.72,55.59
2025-06-11 13:34:17,PC,pc02,58.46,43.0,61.32,39.52,22.53,94.71
2025-06-11 13:34:17,PC,pc03,58.31,88.3,13.36,83.47,46.37,73.44
2025-06-11 13:34:17,Servidor,srv01,49.8,72.6,68.21,62.62,90.62,95.21
2025-06-11 13:34:17,Servidor,srv02,64.89,38.6,14.63,74.2,24.98,68.77
2025-06-11 13:34:17,Roteador,rtr01,36.66,63.5,93.9,91.09,68.04,81.49
2025-06-11 13:34:17,Roteador,rtr02,22.81,38.8,20.14,26.73,15.05,25.78
2025-06-11 13:33:17,PC,pc01,73.42,81.5,44.52,37.65,13.91,89.18
2025-06-11 13:33:17,PC,pc02,89.5,53.0,49.34,54.48,33.31,8.65
2025-06-11 13:33:17,PC,pc03,25.74,87.1,77.06,70.61,69.56,50.92
2025-06-11 13:33:17,Servidor,srv01,25.95,55.5,61.08,28.83,48.5,74.5
2025-06-11 13:33:17,Servidor,srv02,9.11,66.7,10.65,47.85,95.08,70.54
2025-06-11 13:33:17,Roteador,rtr01,48.64,49.9,23.97,93.97,7.59,9.33
2025-06-11 13:33:17,Roteador,rtr02,94.19,58.3,65.03,91.48,23.79,66.17
2025-06-11 13:32:17,PC,pc01,43.9,74.8,63.07,31.01,35.48,37.0
2025-06-11 13:32:17,PC,pc02,17.67,49.4,29.42,79.18,73.75,71.43
2025-06-11 13:32:17,PC,pc03,35.22,37.1,72.14,63.48,37.75,34.06
2025-06-11 13:32:17,Servidor,srv01,14.07,50.8,68.94,40.84,58.83,72.28
2025-06-11 13:32:17,Servidor,srv02,89.77,35.2,34.42,38.76,84.27,48.35
2025-06-11 13:32:17,Roteador,rtr01,58.41,42.1,46.7,46.37,8.18,31.43
2025-06-11 13:32:17,Roteador,rtr02,92.65,62.4,90.43,46.27,91.05,17.33
2025-06-11 13:31:17,PC,pc01,13.52,85.1,18.75,78.82,96.26,66.32
2025-06-11 13:31:17,PC,pc02,67.13,80.5,86.72,66.05,40.62,52.97
2025-06-11 13:31:17,PC,pc03,25.36,51.8,67.56,73.51,65.0,66.58
2025-06-11 13:31:17,Servidor,srv01,9.79,55.2,79.29,38.25,42.75,45.97
2025-06-11 13:31:17,Servidor,srv02,28.58,52.4,66.57,30.38,29.81,63.15
2025-06-11 13:31:17,Roteador,rtr01,80.46,89.4,69.41,81.2,70.07,79.05
2025-06-11 13:31:17,Roteador,rtr02,30.0,44.3,46.35,60.03,1.2,70.73
2025-06-11 13:30:17,PC,pc01,51.74,87.2,25.24,83.24,66.15,75.15
2025-06-11 13:30:17,PC,pc02,23.79,64.8,38.38,52.81,94.41,86.54
2025-06-11 13:30:17,PC,pc03,25.53,56.6,62.35,48.2,74.53,80.96
2025-06-11 13:30:17,Servidor,srv01,31.8,54.3,34.45,85.15,20.33,93.26
2025-06-11 13:30:17,Servidor,srv02,18.2,66.8,76.37,79.38,99.79,55.91
2025-06-11 13:30:17,Roteador,rtr01,69.78,51.1,28.47,91.73,70.97,27.82
2025-06-11 13:30:17,Roteador,rtr02,79.19,74.3,11.52,79.87,87.72,19.36
2025-06-11 13:29:17,PC,pc01,17.11,51.3,67.22,90.01,8.79,19.72
2025-06-11 13:29:17,PC,pc02,5.93,87.2,63.69,28.56,65.86,10.87
2025-06-11 13:29:17,PC,pc03,30.46,88.4,26.7,51.0,48.24,61.65
2025-06-11 13:29:17,Servidor,srv01,40.42,34.3,54.17,22.79,83.18,86.9
2025-06-11 13:29:17,Servidor,srv02,52.45,47.5,21.86,73.58,86.07,57.61
2025-06-11 13:29:17,Roteador,rtr01,19.98,87.0,20.5,23.95,22.17,96.26
2025-06-11 13:29:17,Roteador,rtr02,19.4,38.4,91.5,68.48,1.93,60.62
2025-06-11 13:28:17,PC,pc01,53.4,68.5,27.03,78.88,73.27,48.87
2025-06-11 13:28:17,PC,pc02,27.95,50.6,64.7,38.0,75.13,70.2
2025-06-11 13:28:17,PC,pc03,22.04,79.7,60.75,51.03,5.16,55.48
2025-06-11 13:28:17,Servidor,srv01,83.19,57.1,94.7,52.65,72.58,39.51
2025-06-11 13:28:17,Servidor,srv02,46.19,68.7,29.14,60.09,61.76,44.19
2025-06-11 13:28:17,Roteador,rtr01,82.26,43.8,13.48,62.59,42.41,51.82
2025-06-11 13:28:17,Roteador,rtr02,51.31,89.8,42.5,31.34,26.62,14.54
2025-06-11 13:27:17,PC,pc01,92.9,58.0,12.56,25.23,93.65,26.97
2025-06-11 13:27:17,PC,pc02,44.87,54.4,41.28,94.14,76.32,65.13
2025-06-11 13:27:17,PC,pc03,60.9,83.7,22.88,82.31,52.7,20.96
2025-06-11 13:27:17,Servidor,srv01,71.24,33.5,68.49,64.8,33.2,67.52
2025-06-11 13:27:17,Servidor,srv02,46.66,77.2,74.23,52.76,49.12,57.94
2025-06-11 13:27:17,Roteador,rtr01,66.06,74.6,43.75,81.5,5.04,87.66
2025-06-11 13:27:17,Roteador,rtr02,55.65,88.1,71.72,71.31,96.08,56.57
2025-06-11 13:26:17,PC,pc01,9.64,73.9,35.88,26.45,90.53,96.77
2025-06-11 13:26:17,PC,pc02,56.92,60.1,79.88,76.75,77.79,32.4
2025-06-11 13:26:17,PC,pc03,84.69,61.5,32.45,22.17,98.38,35.33
2025-06-11 13:26:17,Servidor,srv01,21.02,55.0,44.65,33.99,89.41,63.54
2025-06-11 13:26:17,Servidor,srv02,5.52,62.4,86.64,85.44,94.53,43.33
2025-06-11 13:26:17,Roteador,rtr01,72.97,48.1,90.69,59.22,56.01,42.43
2025-06-11 13:26:17,Roteador,rtr02,92.18,59.7,89.5,86.08,49.55,86.27
2025-06-11 13:25:17,PC,pc01,27.15,72.0,67.93,97.89,82.03,55.92
2025-06-11 13:25:17,PC,pc02,66.65,47.6,90.39,67.29,55.95,82.1
2025-06-11 13:25:17,PC,pc03,48.82,76.9,54.74,21.0,25.44,70.17
2025-06-11 13:25:17,Servidor,srv01,73.85,85.8,80.14,74.9,16.33,10.72
2025-06-11 13:25:17,Servidor,srv02,44.35,52.6,38.1,86.44,67.33,12.64
2025-06-11 13:25:17,Roteador,rtr01,48.12,68.2,33.36,50.93,75.68,32.01
2025-06-11 13:25:17,Roteador,rtr02,10.22,68.2,43.14,72.72,72.59,38.66
2025-06-11 13:24:17,PC,pc01,42.59,81.7,41.98,61.76,22.2,90.2
2025-06-11 13:24:17,PC,pc02,34.44,46.7,33.68,59.84,3.94,76.38
2025-06-11 13:24:17,PC,pc03,23.96,81.4,39.4,56.27,15.02,74.8
2025-06-11 13:24:17,Servidor,srv01,26.97,78.1,79.68,88.48,83.88,89.92
2025-06-11 13:24:17,Servidor,srv02,49.99,35.1,84.59,46.24,29.33,23.86
2025-06-11 13:24:17,Roteador,rtr01,20.62,66.7,47.19,29.78,18.43,5.96
2025-06-11 13:24:17,Roteador,rtr02,88.38,74.1,33.07,44.79,62.55,82.93
2025-06-11 13:23:17,PC,pc01,72.66,59.1,37.71,53.45,80.93,80.95
2025-06-11 13:23:17,PC,pc02,93.5,51.5,17.89,23.12,58.43,17.98
2025-06-11 13:23:17,PC,pc03,88.26,50.8,60.1,76.5,33.31,67.86
2025-06-11 13:23:17,Servidor,srv01,76.19,58.1,25.69,60.84,86.5,66.82
2025-06-11 13:23:17,Servidor,srv02,11.54,48.3,39.2,79.34,29.28,28.47
2025-06-11 13:23:17,Roteador,rtr01,86.29,85.8,72.04,88.77,3.8,9.1
2025-06-11 13:23:17,Roteador,rtr02,33.24,56.9,86.99,62.7,21.18,20.36
2025-06-11 13:22:17,PC,pc01,44.52,63.4,56.38,51.66,34.83,22.55
2025-06-11 13:22:17,PC,pc02,39.4,80.4,45.52,86.08,22.13,90.62
2025-06-11 13:22:17,PC,pc03,78.43,73.1,60.07,81.72,94.3,65.83
2025-06-11 13:22:17,Servidor,srv01,92.24,64.2,33.62,28.6,11.98,10.54
2025-06-11 13:22:17,Servidor,srv02,26.86,56.0,65.1,26.29,75.44,34.76
2025-06-11 13:22:17,Roteador,rtr01,26.2,58.9,19.55,94.46,3.46,67.68
2025-06-11 13:22:17,Roteador,rtr02,77.09,63.6,14.29,65.82,36.41,68.74
2025-06-11 13:21:17,PC,pc01,83.81,68.9,75.53,75.7,80.4,33.18
2025-06-11 13:21:17,PC,pc02,68.68,58.0,90.29,74.92,17.65,92.48
2025-06-11 13:21:17,PC,pc03,75.14,79.8,68.64,28.31,77.48,23.25
2025-06-11 13:21:17,Servidor,srv01,16.95,84.1,48.4,33.43,99.65,81.08
2025-06-11 13:21:17,Servidor,srv02,81.52,52.4,88.5,92.81,41.54,42.04
2025-06-11 13:21:17,Roteador,rtr01,5.42,79.6,84.79,41.28,36.91,44.65
2025-06-11 13:21:17,Roteador,rtr02,73.67,58.9,36.41,64.14,91.51,15.59
2025-06-11 13:20:17,PC,pc01,7.06,58.9,51.67,45.13,95.36,39.14
2025-06-11 13:20:17,PC,pc02,23.11,85.5,17.81,75.19,57.27,12.62
2025-06-11 13:20:17,PC,pc03,57.96,75.9,82.85,92.27,55.71,59.3
2025-06-11 13:20:17,Servidor,srv01,12.32,88.0,35.21,72.75,57.6,16.94
2025-06-11 13:20:17,Servidor,srv02,38.2,53.9,30.64,21.54,18.74,77.92
2025-06-11 13:20:17,Roteador,rtr01,68.45,67.6,56.46,88.41,86.23,16.94
2025-06-11 13:20:17,Roteador,rtr02,53.93,72.3,16.26,78.9,94.39,48.32
2025-06-11 13:19:17,PC,pc01,28.45,57.4,62.11,76.47,35.93,9.31
2025-06-11 13:19:17,PC,pc02,34.85,39.1,60.52,48.63,4.06,42.8
2025-06-11 13:19:17,PC,pc03,13.03,41.8,63.45,60.24,14.63,18.14
2025-06-11 13:19:17,Servidor,srv01,10.19,66.7,33.26,29.66,21.76,96.77
2025-06-11 13:19:17,Servidor,srv02,54.46,53.1,10.24,58.92,18.33,58.41
2025-06-11 13:19:17,Roteador,rtr01,21.19,50.2,16.61,91.82,1.05,94.5
2025-06-11 13:19:17,Roteador,rtr02,72.39,55.6,76.45,49.44,78.03,27.41
2025-06-11 13:18:17,PC,pc01,54.74,69.4,47.35,50.84,75.67,80.0
2025-06-11 13:18:17,PC,pc02,36.9,77.8,65.18,49.46,87.56,82.61
2025-06-11 13:18:17,PC,pc03,14.22,61.3,58.84,28.75,37.9,72.66
2025-06-11 13:18:17,Servidor,srv01,60.51,43.2,37.68,97.9,31.29,80.1
2025-06-11 13:18:17,Servidor,srv02,27.71,40.2,43.07,36.27,95.26,13.96
2025-06-11 13:18:17,Roteador,rtr01,8.94,55.8,27.36,46.64,42.02,9.8
2025-06-11 13:18:17,Roteador,rtr02,82.73,48.0,17.71,30.14,23.49,94.81
2025-06-11 13:17:17,PC,pc01,79.08,32.1,37.81,58.77,8.46,89.6
2025-06-11 13:17:17,PC,pc02,48.87,57.2,89.89,62.62,85.08,40.18
2025-06-11 13:17:17,PC,pc03,38.55,86.2,69.97,34.66,48.45,48.96
2025-06-11 13:17:17,Servidor,srv01,13.42,72.5,77.67,48.3,91.87,40.7
2025-06-11 13:17:17,Servidor,srv02,94.57,60.3,92.8,82.15,36.22,44.5
2025-06-11 13:17:17,Roteador,rtr01,73.96,88.7,26.93,35.79,30.41,58.26
2025-06-11 13:17:17,Roteador,rtr02,12.6,80.9,87.72,74.85,88.64,30.89
2025-06-11 13:16:17,PC,pc01,23.11,46.6,35.72,68.87,57.11,12.7
2025-06-11 13:16:17,PC,pc02,19.78,78.8,64.83,72.39,15.76,48.31
2025-06-11 13:16:17,PC,pc03,22.4,50.0,34.91,54.95,15.93,80.6
2025-06-11 13:16:17,Servidor,srv01,54.96,75.4,68.12,55.39,94.26,16.54
2025-06-11 13:16:17,Servidor,srv02,6.04,83.1,62.02,30.1,19.16,28.7
2025-06-11 13:16:17,Roteador,rtr01,81.51,56.9,37.42,57.69,37.07,58.7
2025-06-11 13:16:17,Roteador,rtr02,16.12,51.7,83.42,88.93,32.97,17.08
2025-06-11 13:15:17,PC,pc01,88.66,30.6,77.88,83.0,33.51,16.61
2025-06-11 13:15:17,PC,pc02,36.42,34.1,18.48,58.06,37.15,82.5
2025-06-11 13:15:17,PC,pc03,17.22,76.5,48.31,87.81,27.07,30.48
2025-06-11 13:15:17,Servidor,srv01,51.14,74.6,92.65,81.94,38.4,74.72
2025-06-11 13:15:17,Servidor,srv02,49.92,81.4,45.03,69.59,14.23,57.97
2025-06-11 13:15:17,Roteador,rtr01,24.13,39.0,78.67,70.23,19.5,55.75
2025-06-11 13:15:17,Roteador,rtr02,59.62,61.2,15.7,21.36,12.61,8.51
2025-06-11 13:14:17,PC,pc01,66.3,69.3,94.23,42.71,30.14,36.77
2025-06-11 13:14:17,PC,pc02,48.74,49.5,76.46,58.87,47.55,16.62
2025-06-11 13:14:17,PC,pc03,13.87,37.1,82.95,38.4,3.89,72.06
2025-06-11 13:14:17,Servidor,srv01,40.69,47.0,84.98,58.42,13.86,60.24
2025-06-11 13:14:17,Servidor,srv02,12.52,42.0,35.3,53.68,11.83,49.04
2025-06-11 13:14:17,Roteador,rtr01,73.75,45.9,72.1,57.15,64.77,7.06
2025-06-11 13:14:17,Roteador,rtr02,5.64,33.1,94.28,91.27,82.83,91.11
2025-06-11 13:13:17,PC,pc01,90.53,31.9,13.91,87.79,74.8,75.66
2025-06-11 13:13:17,PC,pc02,64.68,78.4,39.93,57.72,87.94,7.45
2025-06-11 13:13:17,PC,pc03,58.15,40.3,17.84,23.59,37.99,87.58
2025-06-11 13:13:17,Servidor,srv01,17.94,49.1,40.81,25.48,51.98,53.62
2025-06-11 13:13:17,Servidor,srv02,15.26,60.9,47.51,53.86,4.38,60.68
2025-06-11 13:13:17,Roteador,rtr01,28.53,32.5,77.0,59.68,80.86,12.39
2025-06-11 13:13:17,Roteador,rtr02,39.96,78.9,30.9,49.32,53.63,73.16
2025-06-11 13:12:17,PC,pc01,57.56,71.2,44.96,48.69,92.59,54.78
2025-06-11 13:12:17,PC,pc02,55.27,55.5,46.37,80.19,24.59,70.86
2025-06-11 13:12:17,PC,pc03,47.65,85.5,40.0,66.23,39.86,56.89
2025-06-11 13:12:17,Servidor,srv01,15.98,35.5,41.8,39.08,25.52,28.13
2025-06-11 13:12:17,Servidor,srv02,16.01,65.8,67.99,78.64,95.38,82.12
2025-06-11 13:12:17,Roteador,rtr01,78.16,63.3,87.32,48.61,49.02,68.56
2025-06-11 13:12:17,Roteador,rtr02,43.98,44.1,67.07,22.64,6.54,19.99
2025-06-11 13:11:17,PC,pc01,15.08,40.4,34.29,54.72,3.48,12.5
2025-06-11 13:11:17,PC,pc02,16.42,65.7,42.52,97.38,58.76,8.65
2025-06-11 13:11:17,PC,pc03,19.38,39.1,23.99,63.82,70.72,41.52
2025-06-11 13:11:17,Servidor,srv01,39.38,56.6,94.99,60.99,51.27,71.97
2025-06-11 13:11:17,Servidor,srv02,41.33,87.6,63.43,95.82,65.16,31.72
2025-06-11 13:11:17,Roteador,rtr01,73.48,46.8,80.97,27.53,32.68,97.36
2025-06-11 13:11:17,Roteador,rtr02,88.78,38.6,70.8,88.92,23.66,25.34
2025-06-11 13:10:17,PC,pc01,47.83,78.1,20.92,24.4,46.37,23.44
2025-06-11 13:10:17,PC,pc02,48.94,86.0,76.21,34.62,6.88,72.04
2025-06-11 13:10:17,PC,pc03,25.86,71.6,72.87,22.09,26.4,94.09
2025-06-11 13:10:17,Servidor,srv01,15.66,56.4,10.44,78.19,13.98,25.67
2025-06-11 13:10:17,Servidor,srv02,46.82,41.5,83.15,26.29,81.21,82.47
2025-06-11 13:10:17,Roteador,rtr01,36.75,45.9,56.05,51.93,18.62,94.96
2025-06-11 13:10:17,Roteador,rtr02,66.87,58.2,88.9,82.19,60.0,62.02
2025-06-11 13:09:17,PC,pc01,9.86,76.2,49.97,87.47,15.07,68.84
2025-06-11 13:09:17,PC,pc02,92.89,36.9,64.13,20.21,12.85,83.83
2025-06-11 13:09:17,PC,pc03,14.62,79.1,90.56,31.71,97.83,51.02
2025-06-11 13:09:17,Servidor,srv01,46.72,35.2,24.61,44.58,81.69,87.51
2025-06-11 13:09:17,Servidor,srv02,35.73,66.2,28.61,85.0,51.59,69.64
2025-06-11 13:09:17,Roteador,rtr01,25.51,85.3,80.41,78.25,88.19,62.51
2025-06-11 13:09:17,Roteador,rtr02,7.69,51.7,76.45,77.41,37.12,95.8
2025-06-11 13:08:17,PC,pc01,55.65,59.1,27.83,74.16,12.91,54.33
2025-06-11 13:08:17,PC,pc02,79.54,63.6,23.61,30.45,6.19,21.7
2025-06-11 13:08:17,PC,pc03,7.56,46.9,55.24,85.64,82.75,49.07
2025-06-11 13:08:17,Servidor,srv01,61.06,53.3,84.04,27.73,79.12,44.19
2025-06-11 13:08:17,Servidor,srv02,41.65,39.7,18.33,45.98,6.95,42.65
2025-06-11 13:08:17,Roteador,rtr01,69.42,50.0,30.06,41.57,10.1,92.41
2025-06-11 13:08:17,Roteador,rtr02,34.83,76.3,65.74,70.99,16.27,50.99
2025-06-11 13:07:17,PC,pc01,14.43,74.5,44.1,53.2,5.84,76.01
2025-06-11 13:07:17,PC,pc02,13.24,57.9,93.98,97.35,82.69,89.05
2025-06-11 13:07:17,PC,pc03,45.82,58.2,27.41,86.23,40.35,41.4
2025-06-11 13:07:17,Servidor,srv01,42.18,87.0,62.23,82.65,16.05,39.15
2025-06-11 13:07:17,Servidor,srv02,86.22,70.7,77.78,96.25,13.16,78.44
2025-06-11 13:07:17,Roteador,rtr01,68.81,73.7,16.33,77.06,54.03,68.43
2025-06-11 13:07:17,Roteador,rtr02,20.01,83.0,62.95,24.19,51.61,55.04
2025-06-11 13:06:17,PC,pc01,36.42,50.4,67.43,64.64,97.58,38.0
2025-06-11 13:06:17,PC,pc02,46.19,58.9,38.53,76.49,32.18,86.93
2025-06-11 13:06:17,PC,pc03,36.01,34.1,29.45,47.74,52.36,26.91
2025-06-11 13:06:17,Servidor,srv01,14.56,55.6,79.53,38.43,64.38,67.53
2025-06-11 13:06:17,Servidor,srv02,8.83,46.0,36.06,29.9,56.61,94.51
2025-06-11 13:06:17,Roteador,rtr01,29.13,83.8,52.05,49.7,27.79,38.1
2025-06-11 13:06:17,Roteador,rtr02,48.2,42.9,39.19,82.19,85.17,13.6
2025-06-11 13:05:17,PC,pc01,93.93,68.5,23.74,50.71,77.56,54.36
2025-06-11 13:05:17,PC,pc02,69.05,49.9,47.88,77.2,30.3,56.82
2025-06-11 13:05:17,PC,pc03,13.84,44.0,38.88,22.89,28.73,98.96
2025-06-11 13:05:17,Servidor,srv01,64.01,34.3,56.07,51.43,92.49,38.87
2025-06-11 13:05:17,Servidor,srv02,87.74,35.9,51.6,74.36,45.6,84.71
2025-06-11 13:05:17,Roteador,rtr01,19.95,48.5,21.77,32.42,52.78,96.59
2025-06-11 13:05:17,Roteador,rtr02,46.24,31.9,52.21,44.86,70.84,59.34
2025-06-11 13:04:17,PC,pc01,50.35,64.6,65.98,21.13,61.58,72.64
2025-06-11 13:04:17,PC,pc02,90.95,82.4,61.26,78.35,97.88,57.03
2025-06-11 13:04:17,PC,pc03,9.9,84.2,20.79,28.84,78.82,40.18
2025-06-11 13:04:17,Servidor,srv01,10.73,54.3,86.95,38.14,94.85,74.84
2025-06-11 13:04:17,Servidor,srv02,22.41,51.9,11.13,59.98,24.06,68.94
2025-06-11 13:04:17,Roteador,rtr01,7.02,80.9,49.97,37.68,61.56,85.23
2025-06-11 13:04:17,Roteador,rtr02,70.22,70.2,49.99,60.64,78.86,28.94
2025-06-11 13:03:17,PC,pc01,57.92,89.3,58.73,54.61,42.04,61.78
2025-06-11 13:03:17,PC,pc02,31.54,67.3,54.78,84.81,18.17,57.95
2025-06-11 13:03:17,PC,pc03,17.8,52.0,92.8,84.84,51.5,27.23
2025-06-11 13:03:17,Servidor,srv01,55.51,61.4,75.64,42.8,1.43,56.01
2025-06-11 13:03:17,Servidor,srv02,30.84,57.8,72.29,50.14,93.34,98.74
2025-06-11 13:03:17,Roteador,rtr01,13.29,64.2,57.52,60.36,18.66,37.29
2025-06-11 13:03:17,Roteador,rtr02,12.85,37.6,53.48,62.27,33.68,68.45
2025-06-11 13:02:17,PC,pc01,86.25,57.4,58.44,85.42,98.96,79.23
2025-06-11 13:02:17,PC,pc02,56.8,85.1,46.29,63.38,29.75,91.24
2025-06-11 13:02:17,PC,pc03,36.66,65.4,92.65,73.87,57.73,79.65
2025-06-11 13:02:17,Servidor,srv01,78.35,49.8,52.97,51.77,91.45,48.45
2025-06-11 13:02:17,Servidor,srv02,62.62,42.9,51.55,56.01,71.9,60.78
2025-06-11 13:02:17,Roteador,rtr01,35.1,77.3,93.93,76.98,27.14,83.52
2025-06-11 13:02:17,Roteador,rtr02,12.62,86.0,30.01,54.56,93.43,56.49
2025-06-11 13:01:17,PC,pc01,74.38,60.7,84.17,29.15,9.94,31.88
2025-06-11 13:01:17,PC,pc02,94.08,43.1,28.23,43.1,75.43,64.88
2025-06-11 13:01:17,PC,pc03,32.43,79.9,87.47,91.65,54.67,30.32
2025-06-11 13:01:17,Servidor,srv01,65.12,62.8,41.68,48.91,31.63,60.64
2025-06-11 13:01:17,Servidor,srv02,79.42,47.7,65.33,64.08,40.39,45.62
2025-06-11 13:01:17,Roteador,rtr01,22.24,68.3,92.2,89.32,67.74,32.01
2025-06-11 13:01:17,Roteador,rtr02,17.75,54.1,37.38,50.28,48.23,59.77
2025-06-11 13:00:17,PC,pc01,16.48,64.7,28.28,45.77,77.04,90.52
2025-06-11 13:00:17,PC,pc02,10.88,83.2,31.49,52.52,64.37,34.7
2025-06-11 13:00:17,PC,pc03,79.98,85.9,10.75,82.9,54.95,26.76
2025-06-11 13:00:17,Servidor,srv01,62.37,60.7,92.82,40.85,85.35,36.8
2025-06-11 13:00:17,Servidor,srv02,73.52,78.9,62.23,40.51,55.84,96.51
2025-06-11 13:00:17,Roteador,rtr01,46.65,67.3,66.98,59.78,81.22,7.9
2025-06-11 13:00:17,Roteador,rtr02,41.85,77.5,78.76,29.63,68.16,84.54
2025-06-11 12:59:17,PC,pc01,67.59,68.4,13.87,95.93,21.61,76.38
2025-06-11 12:59:17,PC,pc02,14.48,88.9,44.66,62.99,88.1,13.8
2025-06-11 12:59:17,PC,pc03,83.22,75.3,39.46,58.58,78.59,41.1
2025-06-11 12:59:17,Servidor,srv01,52.76,48.7,48.81,55.34,45.08,60.79
2025-06-11 12:59:17,Servidor,srv02,76.71,86.8,73.29,41.53,75.94,48.93
2025-06-11 12:59:17,Roteador,rtr01,17.21,53.6,64.33,69.48,62.18,15.13
2025-06-11 12:59:17,Roteador,rtr02,6.09,71.1,55.51,90.21,93.39,94.94
2025-06-11 12:58:17,PC,pc01,84.67,51.9,59.61,29.81,43.83,78.79
2025-06-11 12:58:17,PC,pc02,59.64,55.5,84.86,93.2,15.09,77.42
2025-06-11 12:58:17,PC,pc03,28.78,50.1,28.11,92.16,59.66,58.5
2025-06-11 12:58:17,Servidor,srv01,84.6,87.2,17.73,86.06,84.2,41.75
2025-06-11 12:58:17,Servidor,srv02,42.98,70.4,80.72,56.09,40.71,32.6
2025-06-11 12:58:17,Roteador,rtr01,91.35,41.7,53.25,59.41,7.29,81.37
2025-06-11 12:58:17,Roteador,rtr02,9.31,51.9,14.5,88.41,6.11,42.09
2025-06-11 12:57:17,PC,pc01,6.32,69.7,89.91,69.91,34.73,5.38
2025-06-11 12:57:17,PC,pc02,84.02,83.4,30.42,66.17,14.51,70.23
2025-06-11 12:57:17,PC,pc03,7.16,81.4,94.67,31.94,64.66,9.1
2025-06-11 12:57:17,Servidor,srv01,29.42,53.5,58.01,80.1,52.28,79.78
2025-06-11 12:57:17,Servidor,srv02,64.28,87.0,23.63,21.25,82.08,64.02
2025-06-11 12:57:17,Roteador,rtr01,70.1,57.8,58.08,49.31,6.45,21.56
2025-06-11 12:57:17,Roteador,rtr02,22.3,81.8,91.06,59.87,65.58,15.12
2025-06-11 12:56:17,PC,pc01,94.69,66.5,55.73,58.29,17.25,30.38
2025-06-11 12:56:17,PC,pc02,41.5,34.6,65.03,82.87,58.67,88.54
2025-06-11 12:56:17,PC,pc03,9.08,76.7,43.37,78.14,74.95,35.81
2025-06-11 12:56:17,Servidor,srv01,77.0,71.5,50.78,26.94,22.55,76.06
2025-06-11 12:56:17,Servidor,srv02,48.21,89.9,22.29,80.98,93.81,19.29
2025-06-11 12:56:17,Roteador,rtr01,91.32,57.2,94.33,79.39,58.15,30.93
2025-06-11 12:56:17,Roteador,rtr02,70.29,31.3,43.45,31.83,61.82,57.56
2025-06-11 12:55:17,PC,pc01,71.16,86.6,37.26,25.59,46.39,58.71
2025-06-11 12:55:17,PC,pc02,76.65,74.8,65.44,60.42,50.0,59.6
2025-06-11 12:55:17,PC,pc03,87.84,81.9,26.59,77.34,68.28,95.11
2025-06-11 12:55:17,Servidor,srv01,12.91,84.3,59.46,21.17,20.04,62.68
2025-06-11 12:55:17,Servidor,srv02,21.47,88.0,49.2,44.94,28.15,39.99
2025-06-11 12:55:17,Roteador,rtr01,61.84,82.3,86.55,76.57,25.19,6.78
2025-06-11 12:55:17,Roteador,rtr02,27.05,34.4,24.8,84.46,98.21,6.7
2025-06-11 12:54:17,PC,pc01,76.63,33.9,25.51,95.89,5.71,13.24
2025-06-11 12:54:17,PC,pc02,15.07,31.3,70.73,46.39,61.38,88.76
2025-06-11 12:54:17,PC,pc03,83.71,74.0,82.21,44.45,25.98,20.43
2025-06-11 12:54:17,Servidor,srv01,22.92,31.1,82.82,57.24,38.24,28.2
2025-06-11 12:54:17,Servidor,srv02,47.7,50.0,22.2,84.99,63.24,16.75
2025-06-11 12:54:17,Roteador,rtr01,22.99,32.5,56.25,66.04,88.73,99.03
2025-06-11 12:54:17,Roteador,rtr02,66.26,69.1,91.93,67.77,20.17,5.99
2025-06-11 12:53:17,PC,pc01,27.73,52.8,40.23,60.19,98.95,89.64
2025-06-11 12:53:17,PC,pc02,28.46,83.8,21.55,70.13,17.81,99.41
2025-06-11 12:53:17,PC,pc03,49.97,51.9,72.87,43.39,41.55,66.21
2025-06-11 12:53:17,Servidor,srv01,69.87,47.3,47.22,40.37,97.18,65.63
2025-06-11 12:53:17,Servidor,srv02,41.65,58.6,22.22,95.93,34.59,91.01
2025-06-11 12:53:17,Roteador,rtr01,63.87,53.9,37.17,50.2,21.86,63.76
2025-06-11 12:53:17,Roteador,rtr02,87.57,77.4,31.48,50.03,69.96,77.86
2025-06-11 12:52:17,PC,pc01,13.32,63.0,45.76,89.63,57.66,66.98
2025-06-11 12:52:17,PC,pc02,81.68,47.5,85.95,97.7,83.13,78.15
2025-06-11 12:52:17,PC,pc03,54.72,68.4,31.23,50.99,37.1,29.53
2025-06-11 12:52:17,Servidor,srv01,69.43,77.6,32.24,73.1,60.34,72.1
2025-06-11 12:52:17,Servidor,srv02,65.48,46.0,65.4,75.3,30.9,43.02
2025-06-11 12:52:17,Roteador,rtr01,38.39,80.5,47.32,45.19,71.61,20.97
2025-06-11 12:52:17,Roteador,rtr02,5.21,89.4,94.25,93.71,20.04,67.59
2025-06-11 12:51:17,PC,pc01,9.14,45.2,67.47,30.91,9.69,34.73
2025-06-11 12:51:17,PC,pc02,40.69,40.3,38.99,90.21,95.21,15.96
2025-06-11 12:51:17,PC,pc03,8.52,60.8,33.34,73.32,93.81,83.5
2025-06-11 12:51:17,Servidor,srv01,11.96,89.3,36.06,55.52,38.03,84.68
2025-06-11 12:51:17,Servidor,srv02,45.76,48.0,48.76,30.49,71.03,30.28
2025-06-11 12:51:17,Roteador,rtr01,53.66,33.7,56.15,84.04,78.92,79.14
2025-06-11 12:51:17,Roteador,rtr02,67.69,39.1,38.75,21.02,10.24,61.85
2025-06-11 12:50:17,PC,pc01,13.91,81.8,77.15,41.61,79.69,40.96
2025-06-11 12:50:17,PC,pc02,88.8,34.5,84.08,30.36,57.26,75.65
2025-06-11 12:50:17,PC,pc03,33.4,84.3,34.93,85.92,23.21,37.76
2025-06-11 12:50:17,Servidor,srv01,75.82,46.3,63.73,26.41,22.87,21.55
2025-06-11 12:50:17,Servidor,srv02,63.35,36.4,22.85,64.8,21.67,51.28
2025-06-11 12:50:17,Roteador,rtr01,72.61,33.7,68.35,77.14,58.36,93.48
2025-06-11 12:50:17,Roteador,rtr02,87.52,78.8,18.14,26.69,84.49,57.19
2025-06-11 12:49:17,PC,pc01,37.76,51.0,72.86,75.95,93.89,12.29
2025-06-11 12:49:17,PC,pc02,20.76,52.7,86.61,67.92,80.08,50.22
2025-06-11 12:49:17,PC,pc03,11.01,59.5,58.41,66.98,46.84,32.02
2025-06-11 12:49:17,Servidor,srv01,84.59,76.9,27.34,68.48,93.37,28.94
2025-06-11 12:49:17,Servidor,srv02,39.8,35.3,54.42,36.11,10.59,40.82
2025-06-11 12:49:17,Roteador,rtr01,35.42,35.8,62.1,45.96,90.96,36.76
2025-06-11 12:49:17,Roteador,rtr02,16.51,74.8,33.4,92.75,80.68,59.65
2025-06-11 12:48:17,PC,pc01,25.37,75.9,41.58,48.82,97.7,95.91
2025-06-11 12:48:17,PC,pc02,13.79,54.6,94.01,92.84,81.88,77.27
2025-06-11 12:48:17,PC,pc03,41.57,83.7,48.6,93.16,35.16,75.92
2025-06-11 12:48:17,Servidor,srv01,90.0,57.1,13.5,86.3,45.92,41.83
2025-06-11 12:48:17,Servidor,srv02,13.74,71.5,64.71,23.74,33.76,26.76
2025-06-11 12:48:17,Roteador,rtr01,9.47,87.9,78.37,72.4,64.86,27.77
2025-06-11 12:48:17,Roteador,rtr02,93.2,60.8,58.58,59.64,72.24,57.51
2025-06-11 12:47:17,PC,pc01,57.95,81.0,65.75,96.56,23.43,32.65
2025-06-11 12:47:17,PC,pc02,32.62,42.8,66.51,32.03,82.19,43.62
2025-06-11 12:47:17,PC,pc03,58.3,70.9,81.78,40.53,63.95,19.9
2025-06-11 12:47:17,Servidor,srv01,81.42,35.4,58.51,60.32,11.0,79.66
2025-06-11 12:47:17,Servidor,srv02,34.53,59.5,19.11,57.54,33.31,5.87
2025-06-11 12:47:17,Roteador,rtr01,28.33,44.7,80.28,54.83,74.68,22.38
2025-06-11 12:47:17,Roteador,rtr02,72.05,44.5,16.25,53.32,77.17,33.88
2025-06-11 12:46:17,PC,pc01,30.27,75.0,61.62,91.9,61.57,10.93
2025-06-11 12:46:17,PC,pc02,31.56,79.6,76.16,46.89,32.81,14.88
2025-06-11 12:46:17,PC,pc03,11.22,78.5,48.27,25.78,24.55,58.21
2025-06-11 12:46:17,Servidor,srv01,47.32,50.5,70.26,74.82,35.83,79.16
2025-06-11 12:46:17,Servidor,srv02,68.16,81.9,12.74,64.95,14.62,92.61
2025-06-11 12:46:17,Roteador,rtr01,75.45,83.9,33.03,86.28,69.47,97.65
2025-06-11 12:46:17,Roteador,rtr02,17.63,73.5,64.52,97.35,53.31,6.19
2025-06-11 12:45:17,PC,pc01,17.82,54.5,84.81,61.34,26.67,10.01
2025-06-11 12:45:17,PC,pc02,27.03,34.3,48.06,45.9,17.1,63.34
2025-06-11 12:45:17,PC,pc03,73.68,71.4,38.14,94.76,14.4,45.99
2025-06-11 12:45:17,Servidor,srv01,54.06,59.9,59.23,89.44,5.51,32.47
2025-06-11 12:45:17,Servidor,srv02,19.22,61.6,35.64,72.31,60.38,83.61
2025-06-11 12:45:17,Roteador,rtr01,67.53,66.8,62.86,36.31,41.05,7.34
2025-06-11 12:45:17,Roteador,rtr02,50.07,33.8,14.75,40.24,7.12,9.99
2025-06-11 12:44:17,PC,pc01,59.59,44.6,30.24,79.92,15.04,70.81
2025-06-11 12:44:17,PC,pc02,73.31,66.3,83.08,24.57,82.22,27.57
2025-06-11 12:44:17,PC,pc03,68.91,47.2,20.23,81.64,28.85,30.77
2025-06-11 12:44:17,Servidor,srv01,65.01,59.7,60.63,78.27,50.12,36.25
2025-06-11 12:44:17,Servidor,srv02,51.19,58.2,87.1,52.28,39.19,61.65
2025-06-11 12:44:17,Roteador,rtr01,31.66,63.4,23.16,52.53,65.96,21.85
2025-06-11 12:44:17,Roteador,rtr02,90.17,76.4,78.87,30.87,86.68,44.27
2025-06-11 12:43:17,PC,pc01,49.72,62.3,92.15,75.85,2.81,74.94
2025-06-11 12:43:17,PC,pc02,51.98,49.6,56.15,75.34,72.65,95.42
2025-06-11 12:43:17,PC,pc03,6.62,49.3,41.22,20.75,11.17,41.96
2025-06-11 12:43:17,Servidor,srv01,52.97,77.4,59.92,60.99,5.94,13.29
2025-06-11 12:43:17,Servidor,srv02,52.77,82.8,77.09,32.53,12.43,31.14
2025-06-11 12:43:17,Roteador,rtr01,28.83,34.8,50.28,36.99,48.54,9.4
2025-06-11 12:43:17,Roteador,rtr02,94.71,54.5,20.13,74.66,72.32,65.61
2025-06-11 12:42:17,PC,pc01,32.95,78.0,69.04,46.34,59.75,65.03
2025-06-11 12:42:17,PC,pc02,69.52,80.9,63.5,69.3,97.58,5.4
2025-06-11 12:42:17,PC,pc03,22.02,45.1,22.24,63.56,49.95,39.64
2025-06-11 12:42:17,Servidor,srv01,32.03,59.8,89.71,25.28,20.22,85.84
2025-06-11 12:42:17,Servidor,srv02,69.55,47.4,15.9,61.17,42.06,56.95
2025-06-11 12:42:17,Roteador,rtr01,76.49,32.0,39.62,40.9,43.93,8.13
2025-06-11 12:42:17,Roteador,rtr02,34.92,35.6,33.41,63.39,57.95,55.92
2025-06-11 12:41:17,PC,pc01,45.71,46.1,90.2,93.28,41.74,49.25
2025-06-11 12:41:17,PC,pc02,40.85,58.1,44.64,56.66,1.22,5.93
2025-06-11 12:41:17,PC,pc03,30.18,50.8,15.6,48.17,11.84,62.63
2025-06-11 12:41:17,Servidor,srv01,15.43,88.5,47.54,61.64,18.17,15.0
2025-06-11 12:41:17,Servidor,srv02,44.06,77.3,13.66,56.36,70.62,84.87
2025-06-11 12:41:17,Roteador,rtr01,51.5,77.0,72.74,65.58,94.76,74.65
2025-06-11 12:41:17,Roteador,rtr02,80.34,50.5,74.55,88.54,54.82,51.24
2025-06-11 12:40:17,PC,pc01,60.34,77.5,10.85,34.39,20.73,80.78
2025-06-11 12:40:17,PC,pc02,7.34,66.9,90.24,69.66,47.12,22.7
2025-06-11 12:40:17,PC,pc03,17.19,61.8,47.67,63.85,99.43,53.54
2025-06-11 12:40:17,Servidor,srv01,63.03,46.2,21.92,27.75,66.12,41.48
2025-06-11 12:40:17,Servidor,srv02,7.83,47.8,62.86,29.83,15.56,34.63
2025-06-11 12:40:17,Roteador,rtr01,65.42,37.2,12.21,97.58,83.08,21.16
2025-06-11 12:40:17,Roteador,rtr02,22.34,89.7,61.43,94.59,67.88,94.73
2025-06-11 12:39:17,PC,pc01,35.32,84.5,37.76,79.64,87.43,64.2
2025-06-11 12:39:17,PC,pc02,42.4,60.2,59.36,49.55,13.32,18.05
2025-06-11 12:39:17,PC,pc03,84.82,70.5,32.49,40.68,21.18,91.77
2025-06-11 12:39:17,Servidor,srv01,39.99,65.0,70.35,32.02,50.08,23.87
2025-06-11 12:39:17,Servidor,srv02,59.0,85.9,11.86,93.8,54.51,57.15
2025-06-11 12:39:17,Roteador,rtr01,54.88,44.7,66.49,50.75,54.25,35.91
2025-06-11 12:39:17,Roteador,rtr02,49.15,48.9,88.91,86.37,32.87,91.86
2025-06-11 12:38:17,PC,pc01,85.02,87.3,72.93,71.84,81.59,57.9
2025-06-11 12:38:17,PC,pc02,76.72,52.1,30.3,53.01,71.0,41.08
2025-06-11 12:38:17,PC,pc03,26.11,41.1,93.97,28.79,46.98,66.86
2025-06-11 12:38:17,Servidor,srv01,35.08,72.5,24.42,71.36,25.18,94.71
2025-06-11 12:38:17,Servidor,srv02,37.8,35.2,54.77,70.33,56.58,86.31
2025-06-11 12:38:17,Roteador,rtr01,66.79,74.5,42.87,74.62,85.65,33.24
2025-06-11 12:38:17,Roteador,rtr02,72.32,76.5,44.48,58.66,28.22,54.25
2025-06-11 12:37:17,PC,pc01,15.86,77.7,76.45,52.7,96.8,87.56
2025-06-11 12:37:17,PC,pc02,13.09,36.9,59.97,34.15,13.88,21.91
2025-06-11 12:37:17,PC,pc03,62.45,46.1,92.94,23.17,37.79,76.2
2025-06-11 12:37:17,Servidor,srv01,41.29,42.0,89.45,50.64,48.53,92.98
2025-06-11 12:37:17,Servidor,srv02,93.1,56.6,12.71,87.23,85.68,90.08
2025-06-11 12:37:17,Roteador,rtr01,9.77,45.0,39.8,59.83,29.86,32.17
2025-06-11 12:37:17,Roteador,rtr02,31.39,76.9,42.01,60.93,46.3,9.4
2025-06-11 12:36:17,PC,pc01,62.65,54.8,51.56,78.9,76.67,91.79
2025-06-11 12:36:17,PC,pc02,17.1,66.4,78.48,39.23,57.53,93.15
2025-06-11 12:36:17,PC,pc03,81.76,57.9,25.52,66.37,88.3,9.09
2025-06-11 12:36:17,Servidor,srv01,24.2,72.1,29.81,75.7,7.46,25.02
2025-06-11 12:36:17,Servidor,srv02,91.48,55.9,91.15,93.37,18.78,70.99
2025-06-11 12:36:17,Roteador,rtr01,6.44,69.6,59.93,56.92,51.42,66.64
2025-06-11 12:36:17,Roteador,rtr02,69.84,76.5,12.79,49.11,33.0,75.7
2025-06-11 12:35:17,PC,pc01,54.0,42.7,17.15,43.72,25.87,42.35
2025-06-11 12:35:17,PC,pc02,92.85,74.2,13.33,56.38,41.89,79.3
2025-06-11 12:35:17,PC,pc03,24.9,73.8,48.42,22.58,53.95,93.32
2025-06-11 12:35:17,Servidor,srv01,43.63,45.7,72.87,29.03,77.84,87.93
2025-06-11 12:35:17,Servidor,srv02,44.44,68.9,16.86,70.52,56.98,24.11
2025-06-11 12:35:17,Roteador,rtr01,15.52,67.8,78.7,87.8,64.63,28.77
2025-06-11 12:35:17,Roteador,rtr02,50.14,58.0,76.13,57.96,41.18,28.75
2025-06-11 12:34:17,PC,pc01,23.2,42.2,69.15,77.84,48.19,27.43
2025-06-11 12:34:17,PC,pc02,26.59,81.2,40.73,67.19,13.14,17.87
2025-06-11 12:34:17,PC,pc03,12.16,83.1,19.11,70.1,23.08,99.1
2025-06-11 12:34:17,Servidor,srv01,37.83,59.3,89.43,63.71,82.47,42.25
2025-06-11 12:34:17,Servidor,srv02,35.24,60.9,42.32,70.19,55.22,57.02
2025-06-11 12:34:17,Roteador,rtr01,28.79,31.0,94.37,89.36,96.4,23.14
2025-06-11 12:34:17,Roteador,rtr02,68.22,46.2,86.18,46.26,36.67,34.87
2025-06-11 12:33:17,PC,pc01,59.98,64.2,28.11,80.39,75.68,65.4
2025-06-11 12:33:17,PC,pc02,31.35,71.5,33.52,41.17,44.02,47.67
2025-06-11 12:33:17,PC,pc03,75.95,57.5,34.85,34.6,61.63,19.17
2025-06-11 12:33:17,Servidor,srv01,42.17,39.6,46.69,42.07,52.84,8.97
2025-06-11 12:33:17,Servidor,srv02,76.58,64.2,59.04,92.07,80.79,24.22
2025-06-11 12:33:17,Roteador,rtr01,15.05,69.6,57.35,56.52,36.83,62.29
2025-06-11 12:33:17,Roteador,rtr02,43.42,55.9,40.38,62.72,10.06,40.26
2025-06-11 12:32:17,PC,pc01,54.63,50.4,70.54,87.78,8.68,24.93
2025-06-11 12:32:17,PC,pc02,92.02,61.9,23.98,68.6,99.57,79.63
2025-06-11 12:32:17,PC,pc03,14.48,46.4,92.64,57.48,14.91,28.88
2025-06-11 12:32:17,Servidor,srv01,88.98,59.0,70.41,27.66,61.17,50.72
2025-06-11 12:32:17,Servidor,srv02,37.69,38.8,32.64,34.7,56.02,76.21
2025-06-11 12:32:17,Roteador,rtr01,69.65,59.2,58.33,56.27,9.85,73.63
2025-06-11 12:32:17,Roteador,rtr02,88.6,70.1,28.93,24.98,44.01,5.98
2025-06-11 12:31:17,PC,pc01,72.56,68.1,29.81,58.72,19.54,7.43
2025-06-11 12:31:17,PC,pc02,51.45,67.9,71.28,94.2,93.12,25.76
2025-06-11 12:31:17,PC,pc03,88.61,57.3,68.42,74.52,52.59,68.03
2025-06-11 12:31:17,Servidor,srv01,70.24,42.1,66.06,33.45,5.45,87.84
2025-06-11 12:31:17,Servidor,srv02,16.03,42.4,59.57,57.23,2.18,93.52
2025-06-11 12:31:17,Roteador,rtr01,57.1,46.8,75.69,24.93,68.97,27.17
2025-06-11 12:31:17,Roteador,rtr02,61.38,31.3,78.16,72.57,28.2,92.79
2025-06-11 12:30:17,PC,pc01,16.82,48.8,56.39,79.37,21.58,84.91
2025-06-11 12:30:17,PC,pc02,40.19,35.1,63.67,22.89,10.56,20.86
2025-06-11 12:30:17,PC,pc03,85.81,43.3,91.11,58.58,87.99,70.7
2025-06-11 12:30:17,Servidor,srv01,49.04,71.4,34.95,34.28,41.41,19.18
2025-06-11 12:30:17,Servidor,srv02,94.82,71.3,91.58,51.1,74.46,34.62
2025-06-11 12:30:17,Roteador,rtr01,56.18,44.8,92.82,73.81,89.58,77.46
2025-06-11 12:30:17,Roteador,rtr02,77.16,56.8,73.51,93.98,46.18,57.69
2025-06-11 12:29:17,PC,pc01,71.11,65.7,40.24,20.53,15.14,75.68
2025-06-11 12:29:17,PC,pc02,55.16,61.8,33.36,70.25,42.99,39.38
2025-06-11 12:29:17,PC,pc03,39.89,66.9,73.82,81.82,44.81,30.81
2025-06-11 12:29:17,Servidor,srv01,80.62,45.5,87.41,21.15,18.53,59.03
2025-06-11 12:29:17,Servidor,srv02,72.87,72.4,88.01,29.92,68.85,47.36
2025-06-11 12:29:17,Roteador,rtr01,42.03,78.2,52.3,97.26,18.7,41.85
2025-06-11 12:29:17,Roteador,rtr02,86.58,60.2,47.79,35.74,51.76,8.47
2025-06-11 12:28:17,PC,pc01,68.02,69.4,82.34,78.54,25.75,62.64
2025-06-11 12:28:17,PC,pc02,36.35,61.3,74.91,79.61,99.89,55.61
2025-06-11 12:28:17,PC,pc03,53.25,59.0,22.67,74.36,44.52,37.01
2025-06-11 12:28:17,Servidor,srv01,18.79,53.0,21.14,77.94,95.43,93.35
2025-06-11 12:28:17,Servidor,srv02,94.41,36.1,33.04,20.27,20.47,29.26
2025-06-11 12:28:17,Roteador,rtr01,83.56,58.2,34.6,74.2,15.81,72.09
2025-06-11 12:28:17,Roteador,rtr02,53.99,64.5,71.3,83.21,98.71,50.65
2025-06-11 12:27:17,PC,pc01,90.2,83.9,68.65,65.69,86.11,29.33
2025-06-11 12:27:17,PC,pc02,9.02,54.1,49.66,52.37,94.07,68.7
2025-06-11 12:27:17,PC,pc03,32.38,50.9,16.37,26.39,19.48,73.95
2025-06-11 12:27:17,Servidor,srv01,48.59,81.7,37.23,63.87,52.82,56.1
2025-06-11 12:27:17,Servidor,srv02,62.59,81.3,93.5,85.72,85.34,98.56
2025-06-11 12:27:17,Roteador,rtr01,8.08,67.0,43.42,60.86,88.87,69.09
2025-06-11 12:27:17,Roteador,rtr02,15.61,55.4,12.89,38.14,22.35,23.68
2025-06-11 12:26:17,PC,pc01,90.61,58.5,37.58,79.44,60.37,69.47
2025-06-11 12:26:17,PC,pc02,82.28,55.6,66.01,27.53,50.42,93.7
2025-06-11 12:26:17,PC,pc03,57.4,75.7,37.18,87.61,49.65,78.09
2025-06-11 12:26:17,Servidor,srv01,55.55,41.1,54.69,33.15,85.97,56.93
2025-06-11 12:26:17,Servidor,srv02,14.22,84.2,18.49,40.97,65.86,99.01
2025-06-11 12:26:17,Roteador,rtr01,19.69,70.8,88.36,39.42,96.37,77.84
2025-06-11 12:26:17,Roteador,rtr02,65.34,86.2,15.95,58.12,50.45,15.67
2025-06-11 12:25:17,PC,pc01,77.28,67.8,49.57,33.72,53.96,87.79
2025-06-11 12:25:17,PC,pc02,74.06,33.8,30.25,73.19,61.17,35.51
2025-06-11 12:25:17,PC,pc03,48.11,89.4,47.51,76.4,40.68,38.63
2025-06-11 12:25:17,Servidor,srv01,56.41,58.6,39.28,28.4,97.35,53.68
2025-06-11 12:25:17,Servidor,srv02,81.63,31.1,60.34,92.12,30.43,73.65
2025-06-11 12:25:17,Roteador,rtr01,52.69,73.9,59.07,72.04,94.67,9.14
2025-06-11 12:25:17,Roteador,rtr02,85.01,32.9,24.84,31.86,85.79,38.7
2025-06-11 12:24:17,PC,pc01,60.38,62.0,68.43,66.21,34.3,39.83
2025-06-11 12:24:17,PC,pc02,56.65,34.1,49.29,39.28,74.54,39.9
2025-06-11 12:24:17,PC,pc03,7.36,77.2,53.36,57.54,79.04,9.23
2025-06-11 12:24:17,Servidor,srv01,15.95,48.7,36.7,62.95,76.47,46.7
2025-06-11 12:24:17,Servidor,srv02,29.43,53.4,18.9,94.36,29.09,27.69
2025-06-11 12:24:17,Roteador,rtr01,60.72,74.8,87.13,22.77,52.66,22.43
2025-06-11 12:24:17,Roteador,rtr02,58.87,67.5,60.01,38.05,45.13,38.01
2025-06-11 12:23:17,PC,pc01,15.15,89.0,85.32,32.84,77.52,11.99
2025-06-11 12:23:17,PC,pc02,22.4,39.2,65.13,25.0,28.29,31.07
2025-06-11 12:23:17,PC,pc03,47.22,57.9,91.85,42.62,19.69,75.09
2025-06-11 12:23:17,Servidor,srv01,87.68,69.5,72.24,57.66,93.55,75.63
2025-06-11 12:23:17,Servidor,srv02,65.27,88.7,88.79,47.1,63.55,86.64
2025-06-11 12:23:17,Roteador,rtr01,12.2,54.0,91.0,45.3,94.34,22.94
2025-06-11 12:23:17,Roteador,rtr02,89.35,53.7,73.67,95.57,5.52,52.5
2025-06-11 12:22:17,PC,pc01,55.49,42.8,67.36,59.01,11.85,14.9
2025-06-11 12:22:17,PC,pc02,52.33,64.3,91.93,47.26,86.47,48.5
2025-06-11 12:22:17,PC,pc03,24.28,46.2,54.49,26.55,42.84,58.86
2025-06-11 12:22:17,Servidor,srv01,6.3,57.3,20.4,73.63,66.11,36.52
2025-06-11 12:22:17,Servidor,srv02,14.44,58.5,38.91,85.1,69.21,14.47
2025-06-11 12:22:17,Roteador,rtr01,78.98,68.0,17.29,85.87,56.81,72.99
2025-06-11 12:22:17,Roteador,rtr02,30.44,31.3,44.24,20.6,86.62,5.83
2025-06-11 12:21:17,PC,pc01,42.65,36.2,24.12,79.66,50.12,40.17
2025-06-11 12:21:17,PC,pc02,52.38,63.8,40.01,66.88,17.08,35.72
2025-06-11 12:21:17,PC,pc03,74.94,31.5,88.67,61.98,14.7,49.43
2025-06-11 12:21:17,Servidor,srv01,40.65,50.1,74.38,81.19,85.75,59.77
2025-06-11 12:21:17,Servidor,srv02,61.51,61.0,66.46,27.18,96.1,81.54
2025-06-11 12:21:17,Roteador,rtr01,29.98,46.1,54.06,58.84,80.13,27.57
2025-06-11 12:21:17,Roteador,rtr02,47.48,52.0,70.37,74.48,73.86,59.12
2025-06-11 12:20:17,PC,pc01,37.31,85.6,67.6,21.49,46.84,50.36
2025-06-11 12:20:17,PC,pc02,22.0,63.1,56.73,33.04,32.71,21.31
2025-06-11 12:20:17,PC,pc03,83.31,69.0,82.66,72.13,40.68,87.45
2025-06-11 12:20:17,Servidor,srv01,29.05,86.4,61.38,89.66,78.09,74.4
2025-06-11 12:20:17,Servidor,srv02,6.08,76.0,57.91,32.5,73.23,27.34
2025-06-11 12:20:17,Roteador,rtr01,58.48,83.9,25.0,72.05,36.47,24.4
2025-06-11 12:20:17,Roteador,rtr02,54.92,84.4,25.5,24.18,19.73,36.85
2025-06-11 12:19:17,PC,pc01,36.07,62.7,31.79,44.73,45.46,94.13
2025-06-11 12:19:17,PC,pc02,56.67,56.5,47.81,58.8,64.64,56.97
2025-06-11 12:19:17,PC,pc03,42.83,62.3,32.91,86.7,97.62,46.87
2025-06-11 12:19:17,Servidor,srv01,80.44,65.1,12.15,90.49,55.03,39.27
2025-06-11 12:19:17,Servidor,srv02,49.86,86.2,10.09,38.51,87.78,44.97
2025-06-11 12:19:17,Roteador,rtr01,78.11,66.6,89.83,45.93,28.29,36.07
2025-06-11 12:19:17,Roteador,rtr02,78.74,65.2,78.25,44.37,88.25,49.22
2025-06-11 12:18:17,PC,pc01,7.62,78.5,93.0,56.19,81.59,27.11
2025-06-11 12:18:17,PC,pc02,53.79,41.7,52.81,66.63,13.79,78.43
2025-06-11 12:18:17,PC,pc03,63.47,38.3,31.85,73.29,73.53,11.51
2025-06-11 12:18:17,Servidor,srv01,78.46,48.4,64.76,49.15,63.8,56.21
2025-06-11 12:18:17,Servidor,srv02,51.32,39.9,14.04,38.47,33.87,72.52
2025-06-11 12:18:17,Roteador,rtr01,70.4,61.5,94.26,29.42,35.55,95.17
2025-06-11 12:18:17,Roteador,rtr02,38.38,67.6,79.19,87.48,44.73,43.46
2025-06-11 12:17:17,PC,pc01,8.27,63.8,66.59,59.38,83.9,81.59
2025-06-11 12:17:17,PC,pc02,38.5,62.0,15.33,87.9,87.53,35.56
2025-06-11 12:17:17,PC,pc03,17.94,44.8,25.45,45.29,29.97,61.01
2025-06-11 12:17:17,Servidor,srv01,87.45,36.8,64.74,35.67,45.92,8.58
2025-06-11 12:17:17,Servidor,srv02,24.0,58.8,55.74,44.71,26.05,98.46
2025-06-11 12:17:17,Roteador,rtr01,29.58,71.8,27.49,29.82,86.11,85.9
2025-06-11 12:17:17,Roteador,rtr02,90.1,73.9,27.3,37.22,21.88,77.23
2025-06-11 12:16:17,PC,pc01,66.25,43.1,26.63,70.62,89.82,86.69
2025-06-11 12:16:17,PC,pc02,47.4,68.4,21.86,37.36,7.94,68.94
2025-06-11 12:16:17,PC,pc03,88.43,45.3,65.91,28.92,4.73,8.53
2025-06-11 12:16:17,Servidor,srv01,23.48,83.1,88.33,55.82,40.16,75.14
2025-06-11 12:16:17,Servidor,srv02,91.51,88.4,89.44,25.74,19.14,71.18
2025-06-11 12:16:17,Roteador,rtr01,10.25,71.7,69.03,56.5,20.59,41.41
2025-06-11 12:16:17,Roteador,rtr02,65.39,86.8,72.04,41.53,47.57,38.07
2025-06-11 12:15:17,PC,pc01,73.39,30.1,61.09,23.54,62.19,10.57
2025-06-11 12:15:17,PC,pc02,71.0,58.1,32.43,74.04,13.17,62.03
2025-06-11 12:15:17,PC,pc03,39.82,62.2,75.02,65.09,56.1,89.66
2025-06-11 12:15:17,Servidor,srv01,55.06,50.3,13.71,21.09,36.07,71.77
2025-06-11 12:15:17,Servidor,srv02,47.77,61.9,74.96,26.38,33.74,20.26
2025-06-11 12:15:17,Roteador,rtr01,28.13,61.2,27.79,65.82,89.69,88.8
2025-06-11 12:15:17,Roteador,rtr02,25.94,83.4,68.15,58.91,39.45,6.48
2025-06-11 12:14:17,PC,pc01,88.18,37.9,15.61,38.2,34.84,94.22
2025-06-11 12:14:17,PC,pc02,18.66,44.7,25.68,87.01,81.73,70.4
2025-06-11 12:14:17,PC,pc03,63.27,41.0,91.74,45.71,27.34,65.51
2025-06-11 12:14:17,Servidor,srv01,66.94,84.0,21.99,97.75,13.47,70.65
2025-06-11 12:14:17,Servidor,srv02,52.55,62.0,10.4,65.88,32.47,43.66
2025-06-11 12:14:17,Roteador,rtr01,68.19,32.4,41.44,80.87,30.45,10.05
2025-06-11 12:14:17,Roteador,rtr02,84.25,82.0,42.54,53.63,1.29,59.43
2025-06-11 12:13:17,PC,pc01,46.24,76.9,89.9,58.7,43.39,25.41
2025-06-11 12:13:17,PC,pc02,20.22,81.8,21.72,78.14,25.56,7.21
2025-06-11 12:13:17,PC,pc03,54.77,76.3,41.75,93.2,59.98,65.51
2025-06-11 12:13:17,Servidor,srv01,60.15,54.7,79.19,51.45,20.64,90.51
2025-06-11 12:13:17,Servidor,srv02,88.21,48.7,25.89,46.52,60.21,70.77
2025-06-11 12:13:17,Roteador,rtr01,88.31,33.7,15.47,94.14,93.95,89.62
2025-06-11 12:13:17,Roteador,rtr02,12.83,88.1,91.05,88.67,86.56,14.99
2025-06-11 12:12:17,PC,pc01,67.73,46.1,85.09,77.31,26.01,55.84
2025-06-11 12:12:17,PC,pc02,85.57,75.7,30.21,25.2,94.8,86.37
2025-06-11 12:12:17,PC,pc03,36.43,31.7,86.14,41.32,14.3,63.89
2025-06-11 12:12:17,Servidor,srv01,79.24,58.1,16.61,70.92,64.23,5.82
2025-06-11 12:12:17,Servidor,srv02,92.03,59.4,61.79,70.63,20.55,19.18
2025-06-11 12:12:17,Roteador,rtr01,36.19,70.5,80.54,41.56,77.61,49.37
2025-06-11 12:12:17,Roteador,rtr02,76.89,66.8,77.99,25.57,95.86,75.4
2025-06-11 12:11:17,PC,pc01,45.36,68.7,52.91,71.28,55.58,39.74
2025-06-11 12:11:17,PC,pc02,63.01,39.1,58.14,60.4,31.32,9.8
2025-06-11 12:11:17,PC,pc03,23.18,77.6,66.84,40.63,7.77,42.12
2025-06-11 12:11:17,Servidor,srv01,71.26,51.3,25.69,22.31,66.58,61.6
2025-06-11 12:11:17,Servidor,srv02,42.59,68.9,30.72,92.3,11.21,35.14
2025-06-11 12:11:17,Roteador,rtr01,75.06,86.3,24.19,75.26,40.93,64.5
2025-06-11 12:11:17,Roteador,rtr02,64.67,83.1,76.0,25.68,54.21,77.39
2025-06-11 12:10:17,PC,pc01,19.25,88.6,31.43,60.2,86.52,7.39
2025-06-11 12:10:17,PC,pc02,77.08,38.7,21.07,72.72,76.45,92.74
2025-06-11 12:10:17,PC,pc03,71.9,57.4,25.88,23.54,9.52,71.81
2025-06-11 12:10:17,Servidor,srv01,22.73,38.4,32.69,33.33,1.06,30.57
2025-06-11 12:10:17,Servidor,srv02,27.75,37.4,61.33,63.61,24.79,69.86
2025-06-11 12:10:17,Roteador,rtr01,72.7,52.9,78.62,35.78,89.85,12.14
2025-06-11 12:10:17,Roteador,rtr02,86.58,42.1,28.05,56.63,23.59,51.02
2025-06-11 12:09:17,PC,pc01,82.43,41.4,72.72,49.22,46.31,62.66
2025-06-11 12:09:17,PC,pc02,65.56,77.2,39.28,41.52,85.56,49.4
2025-06-11 12:09:17,PC,pc03,24.76,87.8,12.86,33.67,30.96,59.14
2025-06-11 12:09:17,Servidor,srv01,9.63,87.9,59.3,83.33,10.03,91.43
2025-06-11 12:09:17,Servidor,srv02,79.45,82.0,16.96,87.13,52.59,97.56
2025-06-11 12:09:17,Roteador,rtr01,68.39,72.6,82.89,32.94,39.05,26.46
2025-06-11 12:09:17,Roteador,rtr02,19.89,38.4,43.68,54.33,96.72,27.47
2025-06-11 12:08:17,PC,pc01,43.5,33.3,80.12,30.71,52.03,23.01
2025-06-11 12:08:17,PC,pc02,49.72,56.5,48.14,68.74,55.29,26.31
2025-06-11 12:08:17,PC,pc03,64.18,69.0,35.18,62.9,14.82,29.02
2025-06-11 12:08:17,Servidor,srv01,75.9,59.2,64.77,41.89,9.76,70.06
2025-06-11 12:08:17,Servidor,srv02,60.83,85.6,11.55,45.56,19.96,83.62
2025-06-11 12:08:17,Roteador,rtr01,85.61,83.0,12.81,87.6,23.75,8.81
2025-06-11 12:08:17,Roteador,rtr02,82.52,32.3,64.03,95.35,46.13,59.84
2025-06-11 12:07:17,PC,pc01,5.83,50.3,66.35,95.98,34.21,57.14
2025-06-11 12:07:17,PC,pc02,24.63,34.6,66.5,33.51,2.27,88.65
2025-06-11 12:07:17,PC,pc03,20.02,40.0,42.29,28.69,97.54,37.23
2025-06-11 12:07:17,Servidor,srv01,41.67,41.5,61.04,57.87,75.2,55.63
2025-06-11 12:07:17,Servidor,srv02,77.38,61.1,24.95,52.1,27.08,82.54
2025-06-11 12:07:17,Roteador,rtr01,27.55,77.4,69.13,94.35,10.9,22.58
2025-06-11 12:07:17,Roteador,rtr02,39.21,75.3,65.35,54.92,83.31,33.11
2025-06-11 12:06:17,PC,pc01,70.91,86.8,78.55,84.01,48.25,36.05
2025-06-11 12:06:17,PC,pc02,41.75,38.2,37.9,69.1,89.16,23.82
2025-06-11 12:06:17,PC,pc03,74.69,32.5,88.14,80.97,96.83,36.32
2025-06-11 12:06:17,Servidor,srv01,62.23,48.8,61.26,89.41,31.25,12.94
2025-06-11 12:06:17,Servidor,srv02,26.4,78.3,38.77,73.59,95.76,40.11
2025-06-11 12:06:17,Roteador,rtr01,24.01,70.8,35.65,32.85,18.63,23.93
2025-06-11 12:06:17,Roteador,rtr02,10.09,72.3,62.48,33.87,67.61,40.78
2025-06-11 12:05:17,PC,pc01,87.12,66.1,45.59,74.38,95.23,92.9
2025-06-11 12:05:17,PC,pc02,49.32,87.7,72.31,53.29,28.11,73.46
2025-06-11 12:05:17,PC,pc03,22.71,44.9,54.16,39.85,91.57,9.55
2025-06-11 12:05:17,Servidor,srv01,27.85,34.4,48.64,48.48,63.74,95.07
2025-06-11 12:05:17,Servidor,srv02,76.62,35.9,51.21,29.27,9.76,54.3
2025-06-11 12:05:17,Roteador,rtr01,79.78,41.5,56.09,30.89,95.37,54.68
2025-06-11 12:05:17,Roteador,rtr02,71.76,39.3,58.41,56.1,18.31,74.46
2025-06-11 12:04:17,PC,pc01,52.55,38.4,41.66,60.88,81.36,98.52
2025-06-11 12:04:17,PC,pc02,30.87,86.7,79.6,86.54,50.77,37.27
2025-06-11 12:04:17,PC,pc03,11.7,86.7,31.91,40.66,54.0,57.18
2025-06-11 12:04:17,Servidor,srv01,74.58,75.5,24.42,77.67,12.85,72.16
2025-06-11 12:04:17,Servidor,srv02,21.13,42.6,51.64,70.19,3.52,11.22
2025-06-11 12:04:17,Roteador,rtr01,47.65,44.5,31.8,88.18,8.34,88.3
2025-06-11 12:04:17,Roteador,rtr02,24.85,46.5,82.77,59.41,7.48,95.79
2025-06-11 12:03:17,PC,pc01,16.74,38.6,53.0,33.31,28.16,82.15
2025-06-11 12:03:17,PC,pc02,59.72,71.1,30.31,58.25,60.68,34.8
2025-06-11 12:03:17,PC,pc03,62.31,30.1,54.64,96.11,29.72,55.27
2025-06-11 12:03:17,Servidor,srv01,19.21,64.2,93.35,41.94,41.38,70.24
2025-06-11 12:03:17,Servidor,srv02,68.02,82.8,75.47,59.68,54.17,29.61
2025-06-11 12:03:17,Roteador,rtr01,31.39,64.1,86.52,25.37,16.1,82.46
2025-06-11 12:03:17,Roteador,rtr02,37.76,33.5,42.19,68.51,67.53,62.14
2025-06-11 12:02:17,PC,pc01,35.39,87.3,65.62,40.08,44.14,40.26
2025-06-11 12:02:17,PC,pc02,22.36,61.3,41.84,94.61,44.26,9.21
2025-06-11 12:02:17,PC,pc03,51.39,30.2,19.23,41.11,77.3,6.59
2025-06-11 12:02:17,Servidor,srv01,26.65,39.6,13.65,20.59,91.49,46.64
2025-06-11 12:02:17,Servidor,srv02,81.24,83.4,78.91,79.62,70.91,11.58
2025-06-11 12:02:17,Roteador,rtr01,58.65,76.8,42.38,36.62,35.34,22.53
2025-06-11 12:02:17,Roteador,rtr02,76.87,73.2,75.95,48.11,55.39,62.02
2025-06-11 12:01:17,PC,pc01,58.27,70.3,38.5,35.81,22.98,45.51
2025-06-11 12:01:17,PC,pc02,36.0,77.3,78.48,88.63,68.69,33.61
2025-06-11 12:01:17,PC,pc03,47.62,76.3,19.2,56.89,40.43,37.32
2025-06-11 12:01:17,Servidor,srv01,32.04,63.3,27.97,75.89,14.67,92.83
2025-06-11 12:01:17,Servidor,srv02,35.76,88.9,36.12,76.55,55.41,18.51
2025-06-11 12:01:17,Roteador,rtr01,70.52,35.4,90.24,75.26,57.32,81.2
2025-06-11 12:01:17,Roteador,rtr02,5.93,53.1,76.69,90.51,81.49,48.78
2025-06-11 12:00:17,PC,pc01,29.89,63.7,45.55,73.16,30.86,19.35
2025-06-11 12:00:17,PC,pc02,57.93,72.2,48.01,93.13,57.15,42.21
2025-06-11 12:00:17,PC,pc03,28.72,45.0,28.8,30.78,75.48,51.95
2025-06-11 12:00:17,Servidor,srv01,66.01,81.3,73.67,53.54,87.01,81.64
2025-06-11 12:00:17,Servidor,srv02,29.19,57.3,75.78,24.48,69.59,81.38
2025-06-11 12:00:17,Roteador,rtr01,40.32,78.2,57.19,69.17,92.19,98.55
2025-06-11 12:00:17,Roteador,rtr02,85.72,76.1,53.48,69.09,9.22,14.29
2025-06-11 11:59:17,PC,pc01,9.01,63.0,70.12,55.16,66.5,95.8
2025-06-11 11:59:17,PC,pc02,88.17,60.9,58.8,79.08,7.96,82.47
2025-06-11 11:59:17,PC,pc03,81.36,46.5,36.86,51.59,88.37,34.74
2025-06-11 11:59:17,Servidor,srv01,59.28,75.8,10.93,69.61,89.6,93.15
2025-06-11 11:59:17,Servidor,srv02,81.26,44.6,53.74,40.69,94.18,88.77
2025-06-11 11:59:17,Roteador,rtr01,20.43,53.4,87.26,51.97,51.43,61.75
2025-06-11 11:59:17,Roteador,rtr02,55.46,86.6,64.68,43.19,39.65,80.73
2025-06-11 11:58:17,PC,pc01,41.63,35.0,45.27,44.19,85.96,82.61
2025-06-11 11:58:17,PC,pc02,21.26,46.1,85.34,42.83,38.17,43.56
2025-06-11 11:58:17,PC,pc03,53.31,48.8,23.13,61.2,65.14,29.06
2025-06-11 11:58:17,Servidor,srv01,57.02,66.7,26.38,80.1,69.42,60.03
2025-06-11 11:58:17,Servidor,srv02,31.51,49.2,69.52,45.48,79.04,82.56
2025-06-11 11:58:17,Roteador,rtr01,52.54,42.8,71.58,94.45,91.65,77.18
2025-06-11 11:58:17,Roteador,rtr02,40.98,69.2,65.3,69.92,64.66,58.58
2025-06-11 11:57:17,PC,pc01,66.33,48.7,87.45,26.43,62.34,68.18
2025-06-11 11:57:17,PC,pc02,92.03,30.4,33.47,33.15,91.16,29.25
2025-06-11 11:57:17,PC,pc03,12.76,53.7,90.51,54.66,58.35,87.93
2025-06-11 11:57:17,Servidor,srv01,70.92,72.6,75.14,30.07,83.48,81.12
2025-06-11 11:57:17,Servidor,srv02,17.28,72.7,47.77,69.74,33.38,68.84
2025-06-11 11:57:17,Roteador,rtr01,94.5,53.7,13.73,83.35,73.67,58.11
2025-06-11 11:57:17,Roteador,rtr02,92.98,69.7,69.38,52.6,26.46,11.85
2025-06-11 11:56:17,PC,pc01,28.02,36.0,22.09,48.48,13.46,80.44
2025-06-11 11:56:17,PC,pc02,72.05,76.3,22.95,52.34,33.62,50.72
2025-06-11 11:56:17,PC,pc03,50.42,52.0,80.64,51.98,72.94,57.05
2025-06-11 11:56:17,Servidor,srv01,40.72,88.6,50.81,27.42,86.58,31.33
2025-06-11 11:56:17,Servidor,srv02,76.08,62.6,89.8,67.33,85.89,7.31
2025-06-11 11:56:17,Roteador,rtr01,89.5,87.9,20.33,72.29,56.4,50.4
2025-06-11 11:56:17,Roteador,rtr02,69.61,53.3,52.4,24.7,70.49,27.42
2025-06-11 11:55:17,PC,pc01,5.93,42.8,62.22,50.49,9.17,70.04
2025-06-11 11:55:17,PC,pc02,10.72,77.8,20.39,29.76,95.44,89.08
2025-06-11 11:55:17,PC,pc03,22.16,83.3,20.26,91.13,44.69,98.68
2025-06-11 11:55:17,Servidor,srv01,8.51,71.0,38.07,21.33,72.3,71.59
2025-06-11 11:55:17,Servidor,srv02,80.79,52.2,13.74,64.65,66.74,30.48
2025-06-11 11:55:17,Roteador,rtr01,22.54,69.4,32.35,82.56,97.73,93.47
2025-06-11 11:55:17,Roteador,rtr02,56.23,78.4,54.87,70.1,80.09,80.72
